timestamp,upload_mbps,download_mbps,ping_host,latency_ms,packet_loss_pct,alerts
2026-03-20T00:16:11,0.001,0.001,8.8.8.8,6.0,0.0,⚠️  LOW BANDWIDTH (Download): 0.00 Mbps (threshold: 1.0 Mbps) | ⚠️  LOW BANDWIDTH (Upload): 0.00 Mbps (threshold: 0.5 Mbps)
2026-03-20T00:16:11,0.001,0.001,1.1.1.1,6.0,0.0,⚠️  LOW BANDWIDTH (Download): 0.00 Mbps (threshold: 1.0 Mbps) | ⚠️  LOW BANDWIDTH (Upload): 0.00 Mbps (threshold: 0.5 Mbps)
2026-03-20T00:16:11,0.001,0.001,google.com,6.0,0.0,⚠️  LOW BANDWIDTH (Download): 0.00 Mbps (threshold: 1.0 Mbps) | ⚠️  LOW BANDWIDTH (Upload): 0.00 Mbps (threshold: 0.5 Mbps)
2026-03-20T00:16:16,0.001,0.001,8.8.8.8,6.0,0.0,⚠️  LOW BANDWIDTH (Download): 0.00 Mbps (threshold: 1.0 Mbps) | ⚠️  LOW BANDWIDTH (Upload): 0.00 Mbps (threshold: 0.5 Mbps)
2026-03-20T00:16:16,0.001,0.001,1.1.1.1,6.0,0.0,⚠️  LOW BANDWIDTH (Download): 0.00 Mbps (threshold: 1.0 Mbps) | ⚠️  LOW BANDWIDTH (Upload): 0.00 Mbps (threshold: 0.5 Mbps)
2026-03-20T00:16:16,0.001,0.001,google.com,6.0,0.0,⚠️  LOW BANDWIDTH (Download): 0.00 Mbps (threshold: 1.0 Mbps) | ⚠️  LOW BANDWIDTH (Upload): 0.00 Mbps (threshold: 0.5 Mbps)
2026-03-20T00:16:21,0.022,0.006,8.8.8.8,6.0,0.0,⚠️  LOW BANDWIDTH (Download): 0.01 Mbps (threshold: 1.0 Mbps) | ⚠️  LOW BANDWIDTH (Upload): 0.02 Mbps (threshold: 0.5 Mbps)
2026-03-20T00:16:21,0.022,0.006,1.1.1.1,6.0,0.0,⚠️  LOW BANDWIDTH (Download): 0.01 Mbps (threshold: 1.0 Mbps) | ⚠️  LOW BANDWIDTH (Upload): 0.02 Mbps (threshold: 0.5 Mbps)
2026-03-20T00:16:21,0.022,0.006,google.com,6.0,0.0,⚠️  LOW BANDWIDTH (Download): 0.01 Mbps (threshold: 1.0 Mbps) | ⚠️  LOW BANDWIDTH (Upload): 0.02 Mbps (threshold: 0.5 Mbps)
2026-03-20T00:16:27,0.0,0.001,8.8.8.8,7.0,0.0,⚠️  LOW BANDWIDTH (Download): 0.00 Mbps (threshold: 1.0 Mbps) | ⚠️  LOW BANDWIDTH (Upload): 0.00 Mbps (threshold: 0.5 Mbps)
2026-03-20T00:16:27,0.0,0.001,1.1.1.1,5.0,0.0,⚠️  LOW BANDWIDTH (Download): 0.00 Mbps (threshold: 1.0 Mbps) | ⚠️  LOW BANDWIDTH (Upload): 0.00 Mbps (threshold: 0.5 Mbps)
2026-03-20T00:16:27,0.0,0.001,google.com,6.0,0.0,⚠️  LOW BANDWIDTH (Download): 0.00 Mbps (threshold: 1.0 Mbps) | ⚠️  LOW BANDWIDTH (Upload): 0.00 Mbps (threshold: 0.5 Mbps)
2026-03-20T00:22:31,0.002,0.027,8.8.8.8,8.0,0.0,⚠️  LOW BANDWIDTH (Download): 0.03 Mbps (threshold: 1.0 Mbps) | ⚠️  LOW BANDWIDTH (Upload): 0.00 Mbps (threshold: 0.5 Mbps)
2026-03-20T00:22:31,0.002,0.027,1.1.1.1,5.0,0.0,⚠️  LOW BANDWIDTH (Download): 0.03 Mbps (threshold: 1.0 Mbps) | ⚠️  LOW BANDWIDTH (Upload): 0.00 Mbps (threshold: 0.5 Mbps)
2026-03-20T00:22:31,0.002,0.027,google.com,6.0,0.0,⚠️  LOW BANDWIDTH (Download): 0.03 Mbps (threshold: 1.0 Mbps) | ⚠️  LOW BANDWIDTH (Upload): 0.00 Mbps (threshold: 0.5 Mbps)
2026-03-20T00:22:36,0.002,0.026,8.8.8.8,8.0,0.0,⚠️  LOW BANDWIDTH (Download): 0.03 Mbps (threshold: 1.0 Mbps) | ⚠️  LOW BANDWIDTH (Upload): 0.00 Mbps (threshold: 0.5 Mbps)
2026-03-20T00:22:36,0.002,0.026,1.1.1.1,5.0,0.0,⚠️  LOW BANDWIDTH (Download): 0.03 Mbps (threshold: 1.0 Mbps) | ⚠️  LOW BANDWIDTH (Upload): 0.00 Mbps (threshold: 0.5 Mbps)
2026-03-20T00:22:36,0.002,0.026,google.com,6.0,0.0,⚠️  LOW BANDWIDTH (Download): 0.03 Mbps (threshold: 1.0 Mbps) | ⚠️  LOW BANDWIDTH (Upload): 0.00 Mbps (threshold: 0.5 Mbps)
2026-03-20T00:22:40,0.814,1.925,8.8.8.8,8.0,0.0,
2026-03-20T00:22:40,0.814,1.925,1.1.1.1,5.0,0.0,
2026-03-20T00:22:40,0.814,1.925,google.com,6.0,0.0,
2026-03-20T00:22:45,0.001,0.002,8.8.8.8,7.0,0.0,⚠️  LOW BANDWIDTH (Download): 0.00 Mbps (threshold: 1.0 Mbps) | ⚠️  LOW BANDWIDTH (Upload): 0.00 Mbps (threshold: 0.5 Mbps)
2026-03-20T00:22:45,0.001,0.002,1.1.1.1,18.0,0.0,⚠️  LOW BANDWIDTH (Download): 0.00 Mbps (threshold: 1.0 Mbps) | ⚠️  LOW BANDWIDTH (Upload): 0.00 Mbps (threshold: 0.5 Mbps)
2026-03-20T00:22:45,0.001,0.002,google.com,40.0,0.0,⚠️  LOW BANDWIDTH (Download): 0.00 Mbps (threshold: 1.0 Mbps) | ⚠️  LOW BANDWIDTH (Upload): 0.00 Mbps (threshold: 0.5 Mbps)
2026-03-20T00:22:51,0.596,0.029,8.8.8.8,7.0,0.0,⚠️  LOW BANDWIDTH (Download): 0.03 Mbps (threshold: 1.0 Mbps)
2026-03-20T00:22:51,0.596,0.029,1.1.1.1,18.0,0.0,⚠️  LOW BANDWIDTH (Download): 0.03 Mbps (threshold: 1.0 Mbps)
2026-03-20T00:22:51,0.596,0.029,google.com,40.0,0.0,⚠️  LOW BANDWIDTH (Download): 0.03 Mbps (threshold: 1.0 Mbps)
2026-03-20T00:22:56,0.033,0.01,8.8.8.8,7.0,0.0,⚠️  LOW BANDWIDTH (Download): 0.01 Mbps (threshold: 1.0 Mbps) | ⚠️  LOW BANDWIDTH (Upload): 0.03 Mbps (threshold: 0.5 Mbps)
2026-03-20T00:22:56,0.033,0.01,1.1.1.1,18.0,0.0,⚠️  LOW BANDWIDTH (Download): 0.01 Mbps (threshold: 1.0 Mbps) | ⚠️  LOW BANDWIDTH (Upload): 0.03 Mbps (threshold: 0.5 Mbps)
2026-03-20T00:22:56,0.033,0.01,google.com,40.0,0.0,⚠️  LOW BANDWIDTH (Download): 0.01 Mbps (threshold: 1.0 Mbps) | ⚠️  LOW BANDWIDTH (Upload): 0.03 Mbps (threshold: 0.5 Mbps)
2026-03-20T00:23:01,0.0,0.001,8.8.8.8,373.0,0.0,⚠️  LOW BANDWIDTH (Download): 0.00 Mbps (threshold: 1.0 Mbps) | ⚠️  LOW BANDWIDTH (Upload): 0.00 Mbps (threshold: 0.5 Mbps) | ⚠️  HIGH LATENCY to 8.8.8.8: 373.0 ms (threshold: 150 ms) | ⚠️  HIGH LATENCY to 1.1.1.1: 206.0 ms (threshold: 150 ms) | ⚠️  HIGH LATENCY to google.com: 261.0 ms (threshold: 150 ms)
2026-03-20T00:23:01,0.0,0.001,1.1.1.1,206.0,0.0,⚠️  LOW BANDWIDTH (Download): 0.00 Mbps (threshold: 1.0 Mbps) | ⚠️  LOW BANDWIDTH (Upload): 0.00 Mbps (threshold: 0.5 Mbps) | ⚠️  HIGH LATENCY to 8.8.8.8: 373.0 ms (threshold: 150 ms) | ⚠️  HIGH LATENCY to 1.1.1.1: 206.0 ms (threshold: 150 ms) | ⚠️  HIGH LATENCY to google.com: 261.0 ms (threshold: 150 ms)
2026-03-20T00:23:01,0.0,0.001,google.com,261.0,0.0,⚠️  LOW BANDWIDTH (Download): 0.00 Mbps (threshold: 1.0 Mbps) | ⚠️  LOW BANDWIDTH (Upload): 0.00 Mbps (threshold: 0.5 Mbps) | ⚠️  HIGH LATENCY to 8.8.8.8: 373.0 ms (threshold: 150 ms) | ⚠️  HIGH LATENCY to 1.1.1.1: 206.0 ms (threshold: 150 ms) | ⚠️  HIGH LATENCY to google.com: 261.0 ms (threshold: 150 ms)
2026-03-20T00:23:06,0.002,0.01,8.8.8.8,373.0,0.0,⚠️  LOW BANDWIDTH (Download): 0.01 Mbps (threshold: 1.0 Mbps) | ⚠️  LOW BANDWIDTH (Upload): 0.00 Mbps (threshold: 0.5 Mbps) | ⚠️  HIGH LATENCY to 8.8.8.8: 373.0 ms (threshold: 150 ms) | ⚠️  HIGH LATENCY to 1.1.1.1: 206.0 ms (threshold: 150 ms) | ⚠️  HIGH LATENCY to google.com: 261.0 ms (threshold: 150 ms)
2026-03-20T00:23:06,0.002,0.01,1.1.1.1,206.0,0.0,⚠️  LOW BANDWIDTH (Download): 0.01 Mbps (threshold: 1.0 Mbps) | ⚠️  LOW BANDWIDTH (Upload): 0.00 Mbps (threshold: 0.5 Mbps) | ⚠️  HIGH LATENCY to 8.8.8.8: 373.0 ms (threshold: 150 ms) | ⚠️  HIGH LATENCY to 1.1.1.1: 206.0 ms (threshold: 150 ms) | ⚠️  HIGH LATENCY to google.com: 261.0 ms (threshold: 150 ms)
2026-03-20T00:23:06,0.002,0.01,google.com,261.0,0.0,⚠️  LOW BANDWIDTH (Download): 0.01 Mbps (threshold: 1.0 Mbps) | ⚠️  LOW BANDWIDTH (Upload): 0.00 Mbps (threshold: 0.5 Mbps) | ⚠️  HIGH LATENCY to 8.8.8.8: 373.0 ms (threshold: 150 ms) | ⚠️  HIGH LATENCY to 1.1.1.1: 206.0 ms (threshold: 150 ms) | ⚠️  HIGH LATENCY to google.com: 261.0 ms (threshold: 150 ms)
2026-03-20T00:23:11,0.0,0.002,8.8.8.8,373.0,0.0,⚠️  LOW BANDWIDTH (Download): 0.00 Mbps (threshold: 1.0 Mbps) | ⚠️  LOW BANDWIDTH (Upload): 0.00 Mbps (threshold: 0.5 Mbps) | ⚠️  HIGH LATENCY to 8.8.8.8: 373.0 ms (threshold: 150 ms) | ⚠️  HIGH LATENCY to 1.1.1.1: 206.0 ms (threshold: 150 ms) | ⚠️  HIGH LATENCY to google.com: 261.0 ms (threshold: 150 ms)
2026-03-20T00:23:11,0.0,0.002,1.1.1.1,206.0,0.0,⚠️  LOW BANDWIDTH (Download): 0.00 Mbps (threshold: 1.0 Mbps) | ⚠️  LOW BANDWIDTH (Upload): 0.00 Mbps (threshold: 0.5 Mbps) | ⚠️  HIGH LATENCY to 8.8.8.8: 373.0 ms (threshold: 150 ms) | ⚠️  HIGH LATENCY to 1.1.1.1: 206.0 ms (threshold: 150 ms) | ⚠️  HIGH LATENCY to google.com: 261.0 ms (threshold: 150 ms)
2026-03-20T00:23:11,0.0,0.002,google.com,261.0,0.0,⚠️  LOW BANDWIDTH (Download): 0.00 Mbps (threshold: 1.0 Mbps) | ⚠️  LOW BANDWIDTH (Upload): 0.00 Mbps (threshold: 0.5 Mbps) | ⚠️  HIGH LATENCY to 8.8.8.8: 373.0 ms (threshold: 150 ms) | ⚠️  HIGH LATENCY to 1.1.1.1: 206.0 ms (threshold: 150 ms) | ⚠️  HIGH LATENCY to google.com: 261.0 ms (threshold: 150 ms)
2026-03-20T00:23:16,2.236,0.137,8.8.8.8,373.0,0.0,⚠️  LOW BANDWIDTH (Download): 0.14 Mbps (threshold: 1.0 Mbps) | ⚠️  HIGH LATENCY to 8.8.8.8: 373.0 ms (threshold: 150 ms) | ⚠️  HIGH LATENCY to 1.1.1.1: 206.0 ms (threshold: 150 ms) | ⚠️  HIGH LATENCY to google.com: 261.0 ms (threshold: 150 ms)
2026-03-20T00:23:16,2.236,0.137,1.1.1.1,206.0,0.0,⚠️  LOW BANDWIDTH (Download): 0.14 Mbps (threshold: 1.0 Mbps) | ⚠️  HIGH LATENCY to 8.8.8.8: 373.0 ms (threshold: 150 ms) | ⚠️  HIGH LATENCY to 1.1.1.1: 206.0 ms (threshold: 150 ms) | ⚠️  HIGH LATENCY to google.com: 261.0 ms (threshold: 150 ms)
2026-03-20T00:23:16,2.236,0.137,google.com,261.0,0.0,⚠️  LOW BANDWIDTH (Download): 0.14 Mbps (threshold: 1.0 Mbps) | ⚠️  HIGH LATENCY to 8.8.8.8: 373.0 ms (threshold: 150 ms) | ⚠️  HIGH LATENCY to 1.1.1.1: 206.0 ms (threshold: 150 ms) | ⚠️  HIGH LATENCY to google.com: 261.0 ms (threshold: 150 ms)
2026-03-20T00:23:21,0.008,0.013,8.8.8.8,35.0,0.0,⚠️  LOW BANDWIDTH (Download): 0.01 Mbps (threshold: 1.0 Mbps) | ⚠️  LOW BANDWIDTH (Upload): 0.01 Mbps (threshold: 0.5 Mbps) | ⚠️  PACKET LOSS to 1.1.1.1: 25% (threshold: 10%)
2026-03-20T00:23:21,0.008,0.013,1.1.1.1,25.0,25.0,⚠️  LOW BANDWIDTH (Download): 0.01 Mbps (threshold: 1.0 Mbps) | ⚠️  LOW BANDWIDTH (Upload): 0.01 Mbps (threshold: 0.5 Mbps) | ⚠️  PACKET LOSS to 1.1.1.1: 25% (threshold: 10%)
2026-03-20T00:23:21,0.008,0.013,google.com,7.0,0.0,⚠️  LOW BANDWIDTH (Download): 0.01 Mbps (threshold: 1.0 Mbps) | ⚠️  LOW BANDWIDTH (Upload): 0.01 Mbps (threshold: 0.5 Mbps) | ⚠️  PACKET LOSS to 1.1.1.1: 25% (threshold: 10%)
2026-03-20T00:23:27,0.007,0.066,8.8.8.8,35.0,0.0,⚠️  LOW BANDWIDTH (Download): 0.07 Mbps (threshold: 1.0 Mbps) | ⚠️  LOW BANDWIDTH (Upload): 0.01 Mbps (threshold: 0.5 Mbps) | ⚠️  PACKET LOSS to 1.1.1.1: 25% (threshold: 10%)
2026-03-20T00:23:27,0.007,0.066,1.1.1.1,25.0,25.0,⚠️  LOW BANDWIDTH (Download): 0.07 Mbps (threshold: 1.0 Mbps) | ⚠️  LOW BANDWIDTH (Upload): 0.01 Mbps (threshold: 0.5 Mbps) | ⚠️  PACKET LOSS to 1.1.1.1: 25% (threshold: 10%)
2026-03-20T00:23:27,0.007,0.066,google.com,7.0,0.0,⚠️  LOW BANDWIDTH (Download): 0.07 Mbps (threshold: 1.0 Mbps) | ⚠️  LOW BANDWIDTH (Upload): 0.01 Mbps (threshold: 0.5 Mbps) | ⚠️  PACKET LOSS to 1.1.1.1: 25% (threshold: 10%)
2026-03-20T00:23:32,0.255,0.213,8.8.8.8,5.0,0.0,⚠️  LOW BANDWIDTH (Download): 0.21 Mbps (threshold: 1.0 Mbps) | ⚠️  LOW BANDWIDTH (Upload): 0.26 Mbps (threshold: 0.5 Mbps)
2026-03-20T00:23:32,0.255,0.213,1.1.1.1,5.0,0.0,⚠️  LOW BANDWIDTH (Download): 0.21 Mbps (threshold: 1.0 Mbps) | ⚠️  LOW BANDWIDTH (Upload): 0.26 Mbps (threshold: 0.5 Mbps)
2026-03-20T00:23:32,0.255,0.213,google.com,6.0,0.0,⚠️  LOW BANDWIDTH (Download): 0.21 Mbps (threshold: 1.0 Mbps) | ⚠️  LOW BANDWIDTH (Upload): 0.26 Mbps (threshold: 0.5 Mbps)
2026-03-20T00:23:37,0.097,0.305,8.8.8.8,5.0,0.0,⚠️  LOW BANDWIDTH (Download): 0.30 Mbps (threshold: 1.0 Mbps) | ⚠️  LOW BANDWIDTH (Upload): 0.10 Mbps (threshold: 0.5 Mbps)
2026-03-20T00:23:37,0.097,0.305,1.1.1.1,5.0,0.0,⚠️  LOW BANDWIDTH (Download): 0.30 Mbps (threshold: 1.0 Mbps) | ⚠️  LOW BANDWIDTH (Upload): 0.10 Mbps (threshold: 0.5 Mbps)
2026-03-20T00:23:37,0.097,0.305,google.com,6.0,0.0,⚠️  LOW BANDWIDTH (Download): 0.30 Mbps (threshold: 1.0 Mbps) | ⚠️  LOW BANDWIDTH (Upload): 0.10 Mbps (threshold: 0.5 Mbps)
2026-03-20T00:23:42,0.278,0.045,8.8.8.8,5.0,0.0,⚠️  LOW BANDWIDTH (Download): 0.04 Mbps (threshold: 1.0 Mbps) | ⚠️  LOW BANDWIDTH (Upload): 0.28 Mbps (threshold: 0.5 Mbps)
2026-03-20T00:23:42,0.278,0.045,1.1.1.1,5.0,0.0,⚠️  LOW BANDWIDTH (Download): 0.04 Mbps (threshold: 1.0 Mbps) | ⚠️  LOW BANDWIDTH (Upload): 0.28 Mbps (threshold: 0.5 Mbps)
2026-03-20T00:23:42,0.278,0.045,google.com,6.0,0.0,⚠️  LOW BANDWIDTH (Download): 0.04 Mbps (threshold: 1.0 Mbps) | ⚠️  LOW BANDWIDTH (Upload): 0.28 Mbps (threshold: 0.5 Mbps)
2026-03-20T00:23:47,7.206,0.173,8.8.8.8,5.0,0.0,⚠️  LOW BANDWIDTH (Download): 0.17 Mbps (threshold: 1.0 Mbps)
2026-03-20T00:23:47,7.206,0.173,1.1.1.1,4.0,0.0,⚠️  LOW BANDWIDTH (Download): 0.17 Mbps (threshold: 1.0 Mbps)
2026-03-20T00:23:47,7.206,0.173,google.com,18.0,0.0,⚠️  LOW BANDWIDTH (Download): 0.17 Mbps (threshold: 1.0 Mbps)
2026-03-20T00:23:52,0.002,0.002,8.8.8.8,5.0,0.0,⚠️  LOW BANDWIDTH (Download): 0.00 Mbps (threshold: 1.0 Mbps) | ⚠️  LOW BANDWIDTH (Upload): 0.00 Mbps (threshold: 0.5 Mbps)
2026-03-20T00:23:52,0.002,0.002,1.1.1.1,4.0,0.0,⚠️  LOW BANDWIDTH (Download): 0.00 Mbps (threshold: 1.0 Mbps) | ⚠️  LOW BANDWIDTH (Upload): 0.00 Mbps (threshold: 0.5 Mbps)
2026-03-20T00:23:52,0.002,0.002,google.com,18.0,0.0,⚠️  LOW BANDWIDTH (Download): 0.00 Mbps (threshold: 1.0 Mbps) | ⚠️  LOW BANDWIDTH (Upload): 0.00 Mbps (threshold: 0.5 Mbps)
2026-03-20T00:23:57,0.003,0.01,8.8.8.8,5.0,0.0,⚠️  LOW BANDWIDTH (Download): 0.01 Mbps (threshold: 1.0 Mbps) | ⚠️  LOW BANDWIDTH (Upload): 0.00 Mbps (threshold: 0.5 Mbps)
2026-03-20T00:23:57,0.003,0.01,1.1.1.1,4.0,0.0,⚠️  LOW BANDWIDTH (Download): 0.01 Mbps (threshold: 1.0 Mbps) | ⚠️  LOW BANDWIDTH (Upload): 0.00 Mbps (threshold: 0.5 Mbps)
2026-03-20T00:23:57,0.003,0.01,google.com,18.0,0.0,⚠️  LOW BANDWIDTH (Download): 0.01 Mbps (threshold: 1.0 Mbps) | ⚠️  LOW BANDWIDTH (Upload): 0.00 Mbps (threshold: 0.5 Mbps)
2026-03-20T00:24:02,0.0,0.0,8.8.8.8,10.0,0.0,⚠️  LOW BANDWIDTH (Download): 0.00 Mbps (threshold: 1.0 Mbps) | ⚠️  LOW BANDWIDTH (Upload): 0.00 Mbps (threshold: 0.5 Mbps)
2026-03-20T00:24:02,0.0,0.0,1.1.1.1,8.0,0.0,⚠️  LOW BANDWIDTH (Download): 0.00 Mbps (threshold: 1.0 Mbps) | ⚠️  LOW BANDWIDTH (Upload): 0.00 Mbps (threshold: 0.5 Mbps)
2026-03-20T00:24:02,0.0,0.0,google.com,7.0,0.0,⚠️  LOW BANDWIDTH (Download): 0.00 Mbps (threshold: 1.0 Mbps) | ⚠️  LOW BANDWIDTH (Upload): 0.00 Mbps (threshold: 0.5 Mbps)
2026-03-20T00:24:07,11.097,0.304,8.8.8.8,10.0,0.0,⚠️  LOW BANDWIDTH (Download): 0.30 Mbps (threshold: 1.0 Mbps)
2026-03-20T00:24:07,11.097,0.304,1.1.1.1,8.0,0.0,⚠️  LOW BANDWIDTH (Download): 0.30 Mbps (threshold: 1.0 Mbps)
2026-03-20T00:24:07,11.097,0.304,google.com,7.0,0.0,⚠️  LOW BANDWIDTH (Download): 0.30 Mbps (threshold: 1.0 Mbps)
2026-03-20T00:24:12,0.292,30.261,8.8.8.8,10.0,0.0,⚠️  LOW BANDWIDTH (Upload): 0.29 Mbps (threshold: 0.5 Mbps)
2026-03-20T00:24:12,0.292,30.261,1.1.1.1,8.0,0.0,⚠️  LOW BANDWIDTH (Upload): 0.29 Mbps (threshold: 0.5 Mbps)
2026-03-20T00:24:12,0.292,30.261,google.com,7.0,0.0,⚠️  LOW BANDWIDTH (Upload): 0.29 Mbps (threshold: 0.5 Mbps)
2026-03-20T00:24:17,0.301,31.247,8.8.8.8,5.0,0.0,⚠️  LOW BANDWIDTH (Upload): 0.30 Mbps (threshold: 0.5 Mbps)
2026-03-20T00:24:17,0.301,31.247,1.1.1.1,4.0,0.0,⚠️  LOW BANDWIDTH (Upload): 0.30 Mbps (threshold: 0.5 Mbps)
2026-03-20T00:24:17,0.301,31.247,google.com,28.0,0.0,⚠️  LOW BANDWIDTH (Upload): 0.30 Mbps (threshold: 0.5 Mbps)
2026-03-20T00:24:23,0.002,0.003,8.8.8.8,5.0,0.0,⚠️  LOW BANDWIDTH (Download): 0.00 Mbps (threshold: 1.0 Mbps) | ⚠️  LOW BANDWIDTH (Upload): 0.00 Mbps (threshold: 0.5 Mbps)
2026-03-20T00:24:23,0.002,0.003,1.1.1.1,4.0,0.0,⚠️  LOW BANDWIDTH (Download): 0.00 Mbps (threshold: 1.0 Mbps) | ⚠️  LOW BANDWIDTH (Upload): 0.00 Mbps (threshold: 0.5 Mbps)
2026-03-20T00:24:23,0.002,0.003,google.com,28.0,0.0,⚠️  LOW BANDWIDTH (Download): 0.00 Mbps (threshold: 1.0 Mbps) | ⚠️  LOW BANDWIDTH (Upload): 0.00 Mbps (threshold: 0.5 Mbps)
2026-03-20T00:24:28,0.001,0.002,8.8.8.8,5.0,0.0,⚠️  LOW BANDWIDTH (Download): 0.00 Mbps (threshold: 1.0 Mbps) | ⚠️  LOW BANDWIDTH (Upload): 0.00 Mbps (threshold: 0.5 Mbps)
2026-03-20T00:24:28,0.001,0.002,1.1.1.1,4.0,0.0,⚠️  LOW BANDWIDTH (Download): 0.00 Mbps (threshold: 1.0 Mbps) | ⚠️  LOW BANDWIDTH (Upload): 0.00 Mbps (threshold: 0.5 Mbps)
2026-03-20T00:24:28,0.001,0.002,google.com,28.0,0.0,⚠️  LOW BANDWIDTH (Download): 0.00 Mbps (threshold: 1.0 Mbps) | ⚠️  LOW BANDWIDTH (Upload): 0.00 Mbps (threshold: 0.5 Mbps)
2026-03-20T01:09:36,0.112,0.248,8.8.8.8,7.0,0.0,⚠️  LOW BANDWIDTH (Download): 0.25 Mbps (threshold: 1.0 Mbps) | ⚠️  LOW BANDWIDTH (Upload): 0.11 Mbps (threshold: 0.5 Mbps)
2026-03-20T01:09:36,0.112,0.248,1.1.1.1,4.0,0.0,⚠️  LOW BANDWIDTH (Download): 0.25 Mbps (threshold: 1.0 Mbps) | ⚠️  LOW BANDWIDTH (Upload): 0.11 Mbps (threshold: 0.5 Mbps)
2026-03-20T01:09:36,0.112,0.248,google.com,4.0,0.0,⚠️  LOW BANDWIDTH (Download): 0.25 Mbps (threshold: 1.0 Mbps) | ⚠️  LOW BANDWIDTH (Upload): 0.11 Mbps (threshold: 0.5 Mbps)
2026-03-20T01:09:41,0.451,0.031,8.8.8.8,7.0,0.0,⚠️  LOW BANDWIDTH (Download): 0.03 Mbps (threshold: 1.0 Mbps) | ⚠️  LOW BANDWIDTH (Upload): 0.45 Mbps (threshold: 0.5 Mbps)
2026-03-20T01:09:41,0.451,0.031,1.1.1.1,4.0,0.0,⚠️  LOW BANDWIDTH (Download): 0.03 Mbps (threshold: 1.0 Mbps) | ⚠️  LOW BANDWIDTH (Upload): 0.45 Mbps (threshold: 0.5 Mbps)
2026-03-20T01:09:41,0.451,0.031,google.com,4.0,0.0,⚠️  LOW BANDWIDTH (Download): 0.03 Mbps (threshold: 1.0 Mbps) | ⚠️  LOW BANDWIDTH (Upload): 0.45 Mbps (threshold: 0.5 Mbps)
2026-03-20T01:09:47,0.038,0.09,8.8.8.8,7.0,0.0,⚠️  LOW BANDWIDTH (Download): 0.09 Mbps (threshold: 1.0 Mbps) | ⚠️  LOW BANDWIDTH (Upload): 0.04 Mbps (threshold: 0.5 Mbps)
2026-03-20T01:09:47,0.038,0.09,1.1.1.1,4.0,0.0,⚠️  LOW BANDWIDTH (Download): 0.09 Mbps (threshold: 1.0 Mbps) | ⚠️  LOW BANDWIDTH (Upload): 0.04 Mbps (threshold: 0.5 Mbps)
2026-03-20T01:09:47,0.038,0.09,google.com,4.0,0.0,⚠️  LOW BANDWIDTH (Download): 0.09 Mbps (threshold: 1.0 Mbps) | ⚠️  LOW BANDWIDTH (Upload): 0.04 Mbps (threshold: 0.5 Mbps)
2026-03-20T01:09:51,0.001,0.001,8.8.8.8,11.0,0.0,⚠️  LOW BANDWIDTH (Download): 0.00 Mbps (threshold: 1.0 Mbps) | ⚠️  LOW BANDWIDTH (Upload): 0.00 Mbps (threshold: 0.5 Mbps)
2026-03-20T01:09:51,0.001,0.001,1.1.1.1,5.0,0.0,⚠️  LOW BANDWIDTH (Download): 0.00 Mbps (threshold: 1.0 Mbps) | ⚠️  LOW BANDWIDTH (Upload): 0.00 Mbps (threshold: 0.5 Mbps)
2026-03-20T01:09:51,0.001,0.001,google.com,9.0,0.0,⚠️  LOW BANDWIDTH (Download): 0.00 Mbps (threshold: 1.0 Mbps) | ⚠️  LOW BANDWIDTH (Upload): 0.00 Mbps (threshold: 0.5 Mbps)
2026-03-20T01:09:56,0.002,0.007,8.8.8.8,11.0,0.0,⚠️  LOW BANDWIDTH (Download): 0.01 Mbps (threshold: 1.0 Mbps) | ⚠️  LOW BANDWIDTH (Upload): 0.00 Mbps (threshold: 0.5 Mbps)
2026-03-20T01:09:56,0.002,0.007,1.1.1.1,5.0,0.0,⚠️  LOW BANDWIDTH (Download): 0.01 Mbps (threshold: 1.0 Mbps) | ⚠️  LOW BANDWIDTH (Upload): 0.00 Mbps (threshold: 0.5 Mbps)
2026-03-20T01:09:56,0.002,0.007,google.com,9.0,0.0,⚠️  LOW BANDWIDTH (Download): 0.01 Mbps (threshold: 1.0 Mbps) | ⚠️  LOW BANDWIDTH (Upload): 0.00 Mbps (threshold: 0.5 Mbps)
2026-03-20T01:10:01,0.01,0.004,8.8.8.8,11.0,0.0,⚠️  LOW BANDWIDTH (Download): 0.00 Mbps (threshold: 1.0 Mbps) | ⚠️  LOW BANDWIDTH (Upload): 0.01 Mbps (threshold: 0.5 Mbps)
2026-03-20T01:10:01,0.01,0.004,1.1.1.1,5.0,0.0,⚠️  LOW BANDWIDTH (Download): 0.00 Mbps (threshold: 1.0 Mbps) | ⚠️  LOW BANDWIDTH (Upload): 0.01 Mbps (threshold: 0.5 Mbps)
2026-03-20T01:10:01,0.01,0.004,google.com,9.0,0.0,⚠️  LOW BANDWIDTH (Download): 0.00 Mbps (threshold: 1.0 Mbps) | ⚠️  LOW BANDWIDTH (Upload): 0.01 Mbps (threshold: 0.5 Mbps)
2026-03-20T01:10:06,0.07,0.07,8.8.8.8,8.0,0.0,⚠️  LOW BANDWIDTH (Download): 0.07 Mbps (threshold: 1.0 Mbps) | ⚠️  LOW BANDWIDTH (Upload): 0.07 Mbps (threshold: 0.5 Mbps)
2026-03-20T01:10:06,0.07,0.07,1.1.1.1,8.0,0.0,⚠️  LOW BANDWIDTH (Download): 0.07 Mbps (threshold: 1.0 Mbps) | ⚠️  LOW BANDWIDTH (Upload): 0.07 Mbps (threshold: 0.5 Mbps)
2026-03-20T01:10:06,0.07,0.07,google.com,10.0,0.0,⚠️  LOW BANDWIDTH (Download): 0.07 Mbps (threshold: 1.0 Mbps) | ⚠️  LOW BANDWIDTH (Upload): 0.07 Mbps (threshold: 0.5 Mbps)
2026-03-20T01:10:11,8.714,0.219,8.8.8.8,8.0,0.0,⚠️  LOW BANDWIDTH (Download): 0.22 Mbps (threshold: 1.0 Mbps)
2026-03-20T01:10:11,8.714,0.219,1.1.1.1,8.0,0.0,⚠️  LOW BANDWIDTH (Download): 0.22 Mbps (threshold: 1.0 Mbps)
2026-03-20T01:10:11,8.714,0.219,google.com,10.0,0.0,⚠️  LOW BANDWIDTH (Download): 0.22 Mbps (threshold: 1.0 Mbps)
2026-03-20T01:10:16,0.001,0.001,8.8.8.8,8.0,0.0,⚠️  LOW BANDWIDTH (Download): 0.00 Mbps (threshold: 1.0 Mbps) | ⚠️  LOW BANDWIDTH (Upload): 0.00 Mbps (threshold: 0.5 Mbps)
2026-03-20T01:10:16,0.001,0.001,1.1.1.1,8.0,0.0,⚠️  LOW BANDWIDTH (Download): 0.00 Mbps (threshold: 1.0 Mbps) | ⚠️  LOW BANDWIDTH (Upload): 0.00 Mbps (threshold: 0.5 Mbps)
2026-03-20T01:10:16,0.001,0.001,google.com,10.0,0.0,⚠️  LOW BANDWIDTH (Download): 0.00 Mbps (threshold: 1.0 Mbps) | ⚠️  LOW BANDWIDTH (Upload): 0.00 Mbps (threshold: 0.5 Mbps)
2026-03-20T01:10:22,3.071,0.09,8.8.8.8,6.0,0.0,⚠️  LOW BANDWIDTH (Download): 0.09 Mbps (threshold: 1.0 Mbps)
2026-03-20T01:10:22,3.071,0.09,1.1.1.1,20.0,0.0,⚠️  LOW BANDWIDTH (Download): 0.09 Mbps (threshold: 1.0 Mbps)
2026-03-20T01:10:22,3.071,0.09,google.com,9.0,0.0,⚠️  LOW BANDWIDTH (Download): 0.09 Mbps (threshold: 1.0 Mbps)
2026-03-20T01:10:27,4.243,0.134,8.8.8.8,6.0,0.0,⚠️  LOW BANDWIDTH (Download): 0.13 Mbps (threshold: 1.0 Mbps)
2026-03-20T01:10:27,4.243,0.134,1.1.1.1,20.0,0.0,⚠️  LOW BANDWIDTH (Download): 0.13 Mbps (threshold: 1.0 Mbps)
2026-03-20T01:10:27,4.243,0.134,google.com,9.0,0.0,⚠️  LOW BANDWIDTH (Download): 0.13 Mbps (threshold: 1.0 Mbps)
2026-03-20T01:10:32,2.81,0.025,8.8.8.8,6.0,0.0,⚠️  LOW BANDWIDTH (Download): 0.03 Mbps (threshold: 1.0 Mbps)
2026-03-20T01:10:32,2.81,0.025,1.1.1.1,20.0,0.0,⚠️  LOW BANDWIDTH (Download): 0.03 Mbps (threshold: 1.0 Mbps)
2026-03-20T01:10:32,2.81,0.025,google.com,9.0,0.0,⚠️  LOW BANDWIDTH (Download): 0.03 Mbps (threshold: 1.0 Mbps)
2026-03-20T01:10:37,0.204,0.273,8.8.8.8,6.0,0.0,⚠️  LOW BANDWIDTH (Download): 0.27 Mbps (threshold: 1.0 Mbps) | ⚠️  LOW BANDWIDTH (Upload): 0.20 Mbps (threshold: 0.5 Mbps)
2026-03-20T01:10:37,0.204,0.273,1.1.1.1,7.0,0.0,⚠️  LOW BANDWIDTH (Download): 0.27 Mbps (threshold: 1.0 Mbps) | ⚠️  LOW BANDWIDTH (Upload): 0.20 Mbps (threshold: 0.5 Mbps)
2026-03-20T01:10:37,0.204,0.273,google.com,7.0,0.0,⚠️  LOW BANDWIDTH (Download): 0.27 Mbps (threshold: 1.0 Mbps) | ⚠️  LOW BANDWIDTH (Upload): 0.20 Mbps (threshold: 0.5 Mbps)
2026-03-20T01:10:42,0.016,0.081,8.8.8.8,6.0,0.0,⚠️  LOW BANDWIDTH (Download): 0.08 Mbps (threshold: 1.0 Mbps) | ⚠️  LOW BANDWIDTH (Upload): 0.02 Mbps (threshold: 0.5 Mbps)
2026-03-20T01:10:42,0.016,0.081,1.1.1.1,7.0,0.0,⚠️  LOW BANDWIDTH (Download): 0.08 Mbps (threshold: 1.0 Mbps) | ⚠️  LOW BANDWIDTH (Upload): 0.02 Mbps (threshold: 0.5 Mbps)
2026-03-20T01:10:42,0.016,0.081,google.com,7.0,0.0,⚠️  LOW BANDWIDTH (Download): 0.08 Mbps (threshold: 1.0 Mbps) | ⚠️  LOW BANDWIDTH (Upload): 0.02 Mbps (threshold: 0.5 Mbps)
2026-03-20T01:10:47,6.478,0.174,8.8.8.8,5.0,0.0,⚠️  LOW BANDWIDTH (Download): 0.17 Mbps (threshold: 1.0 Mbps)
2026-03-20T01:10:47,6.478,0.174,1.1.1.1,9.0,0.0,⚠️  LOW BANDWIDTH (Download): 0.17 Mbps (threshold: 1.0 Mbps)
2026-03-20T01:10:47,6.478,0.174,google.com,7.0,0.0,⚠️  LOW BANDWIDTH (Download): 0.17 Mbps (threshold: 1.0 Mbps)
2026-03-20T01:10:52,0.101,0.219,8.8.8.8,5.0,0.0,⚠️  LOW BANDWIDTH (Download): 0.22 Mbps (threshold: 1.0 Mbps) | ⚠️  LOW BANDWIDTH (Upload): 0.10 Mbps (threshold: 0.5 Mbps)
2026-03-20T01:10:52,0.101,0.219,1.1.1.1,9.0,0.0,⚠️  LOW BANDWIDTH (Download): 0.22 Mbps (threshold: 1.0 Mbps) | ⚠️  LOW BANDWIDTH (Upload): 0.10 Mbps (threshold: 0.5 Mbps)
2026-03-20T01:10:52,0.101,0.219,google.com,7.0,0.0,⚠️  LOW BANDWIDTH (Download): 0.22 Mbps (threshold: 1.0 Mbps) | ⚠️  LOW BANDWIDTH (Upload): 0.10 Mbps (threshold: 0.5 Mbps)
2026-03-20T01:10:57,0.001,0.001,8.8.8.8,5.0,0.0,⚠️  LOW BANDWIDTH (Download): 0.00 Mbps (threshold: 1.0 Mbps) | ⚠️  LOW BANDWIDTH (Upload): 0.00 Mbps (threshold: 0.5 Mbps)
2026-03-20T01:10:57,0.001,0.001,1.1.1.1,9.0,0.0,⚠️  LOW BANDWIDTH (Download): 0.00 Mbps (threshold: 1.0 Mbps) | ⚠️  LOW BANDWIDTH (Upload): 0.00 Mbps (threshold: 0.5 Mbps)
2026-03-20T01:10:57,0.001,0.001,google.com,7.0,0.0,⚠️  LOW BANDWIDTH (Download): 0.00 Mbps (threshold: 1.0 Mbps) | ⚠️  LOW BANDWIDTH (Upload): 0.00 Mbps (threshold: 0.5 Mbps)
2026-03-20T01:11:02,0.002,0.002,8.8.8.8,4.0,0.0,⚠️  LOW BANDWIDTH (Download): 0.00 Mbps (threshold: 1.0 Mbps) | ⚠️  LOW BANDWIDTH (Upload): 0.00 Mbps (threshold: 0.5 Mbps)
2026-03-20T01:11:02,0.002,0.002,1.1.1.1,4.0,0.0,⚠️  LOW BANDWIDTH (Download): 0.00 Mbps (threshold: 1.0 Mbps) | ⚠️  LOW BANDWIDTH (Upload): 0.00 Mbps (threshold: 0.5 Mbps)
2026-03-20T01:11:02,0.002,0.002,google.com,12.0,0.0,⚠️  LOW BANDWIDTH (Download): 0.00 Mbps (threshold: 1.0 Mbps) | ⚠️  LOW BANDWIDTH (Upload): 0.00 Mbps (threshold: 0.5 Mbps)
2026-03-20T01:11:07,0.046,0.071,8.8.8.8,4.0,0.0,⚠️  LOW BANDWIDTH (Download): 0.07 Mbps (threshold: 1.0 Mbps) | ⚠️  LOW BANDWIDTH (Upload): 0.05 Mbps (threshold: 0.5 Mbps)
2026-03-20T01:11:07,0.046,0.071,1.1.1.1,4.0,0.0,⚠️  LOW BANDWIDTH (Download): 0.07 Mbps (threshold: 1.0 Mbps) | ⚠️  LOW BANDWIDTH (Upload): 0.05 Mbps (threshold: 0.5 Mbps)
2026-03-20T01:11:07,0.046,0.071,google.com,12.0,0.0,⚠️  LOW BANDWIDTH (Download): 0.07 Mbps (threshold: 1.0 Mbps) | ⚠️  LOW BANDWIDTH (Upload): 0.05 Mbps (threshold: 0.5 Mbps)
2026-03-20T01:11:13,0.554,0.058,8.8.8.8,4.0,0.0,⚠️  LOW BANDWIDTH (Download): 0.06 Mbps (threshold: 1.0 Mbps)
2026-03-20T01:11:13,0.554,0.058,1.1.1.1,4.0,0.0,⚠️  LOW BANDWIDTH (Download): 0.06 Mbps (threshold: 1.0 Mbps)
2026-03-20T01:11:13,0.554,0.058,google.com,12.0,0.0,⚠️  LOW BANDWIDTH (Download): 0.06 Mbps (threshold: 1.0 Mbps)
2026-03-20T01:11:18,0.017,0.042,8.8.8.8,25.0,0.0,⚠️  LOW BANDWIDTH (Download): 0.04 Mbps (threshold: 1.0 Mbps) | ⚠️  LOW BANDWIDTH (Upload): 0.02 Mbps (threshold: 0.5 Mbps)
2026-03-20T01:11:18,0.017,0.042,1.1.1.1,4.0,0.0,⚠️  LOW BANDWIDTH (Download): 0.04 Mbps (threshold: 1.0 Mbps) | ⚠️  LOW BANDWIDTH (Upload): 0.02 Mbps (threshold: 0.5 Mbps)
2026-03-20T01:11:18,0.017,0.042,google.com,5.0,0.0,⚠️  LOW BANDWIDTH (Download): 0.04 Mbps (threshold: 1.0 Mbps) | ⚠️  LOW BANDWIDTH (Upload): 0.02 Mbps (threshold: 0.5 Mbps)
